elapsed_seconds,process_tree_rss_bytes,process_count,disk_free_bytes
0.003,3768320,1,51647082496
1.034,44089344,1,51641053184
2.057,121749504,4,51642601472
3.086,233111552,2,51637370880
4.112,364101632,2,51614797824
5.135,394100736,2,51637014528
6.168,396083200,2,51635265536
7.192,441909248,2,51632988160
8.22,688455680,2,51631415296
9.248,804487168,2,51631009792
10.274,828997632,2,51622113280
11.3,1064828928,2,51611848704
12.326,1089634304,2,51610791936
13.351,1513340928,6,51603947520
14.422,1762770944,2,51596996608
15.444,1771569152,2,51583815680
16.47,1788346368,2,51583868928
17.502,1827520512,2,51583782912
18.565,2196275200,2,51583840256
19.594,2305196032,2,51544043520
20.623,2364735488,2,51405438976
21.649,3079700480,2,51405537280
22.707,3181117440,2,51404075008
23.744,3170041856,2,51275763712
24.777,3011166208,2,51108294656
25.825,2548809728,2,51078987776
26.993,2198126592,2,51078606848
28.029,2514927616,2,51379642368
29.104,2752102400,2,51241754624
30.135,2612510720,2,51047153664
31.167,2331148288,2,51045105664
32.219,2379120640,2,51044421632
33.243,2557558784,2,51548254208
34.27,1383645184,4,51548372992
35.298,1564016640,4,51541979136
36.327,1656143872,4,51548250112
37.358,1667252224,4,51518967808
38.387,1649491968,4,51536412672
39.416,1925529600,4,51507421184
40.442,2261483520,4,51397500928
41.471,2303311872,4,51518615552
42.495,2316795904,4,51397251072
43.527,2322415616,4,51396890624
44.573,2156609536,4,51530756096
45.599,2162786304,4,51527823360
46.625,1747288064,4,51523088384
47.653,2213593088,4,51393466368
48.693,2490613760,4,51358466048
49.723,2458238976,4,51254317056
50.758,2429403136,4,51254009856
51.79,2437234688,4,51270909952
52.82,2450980864,4,51271008256
53.847,2452111360,4,51270881280
54.876,2466316288,4,51488161792
55.902,2481717248,4,51368394752
56.926,2467921920,4,51271688192
57.962,2453012480,4,51366002688
58.986,2459369472,4,51355107328
60.009,2453389312,4,51303964672
61.05,2674720768,7,51289243648
62.081,2584559616,7,51205980160
63.106,2617311232,7,51189960704
64.135,2619195392,7,51149434880
65.159,2532081664,7,51147558912
66.184,2496282624,7,51114278912
67.212,2440413184,7,51075436544
68.237,2440134656,7,51044212736
69.265,2453880832,7,51016945664
70.298,2420752384,7,50965336064
71.326,2376990720,7,50944012288
72.353,2371796992,7,50888179712
73.384,2356183040,7,50826776576
74.415,2346729472,7,50777825280
75.447,2373402624,7,50778705920
76.477,2392637440,7,50793222144
77.516,2396422144,7,50758029312
78.542,2402779136,7,50730721280
79.568,2407235584,7,50702749696
80.606,2395095040,7,50661842944
81.634,2380595200,7,50616840192
82.68,2359984128,7,50563076096
83.713,2321219584,7,50496774144
84.74,2298920960,7,50473525248
85.772,2225012736,7,50544746496
86.804,2188918784,7,50559426560
87.837,2194210816,8,50544799744
88.865,2243592192,7,50519801856
89.897,2212085760,7,50466734080
90.925,2194784256,7,50450477056
91.963,2186985472,7,50434129920
92.991,2167111680,7,50425208832
94.027,2062123008,7,50314002432
95.059,1933737984,7,50236506112
96.087,1907458048,7,50116882432
97.118,1928282112,7,50080927744
98.161,1892646912,7,49977679872
99.192,1858420736,7,49949372416
100.228,1877426176,7,49802039296
101.254,1816756224,7,49698410496
102.303,1700839424,7,49609314304
103.349,1753481216,7,49555165184
104.412,1849147392,7,49493741568
105.469,2620243968,8,51181092864
106.53,2644131840,7,51169005568
107.581,2812755968,7,51046625280
108.608,2823487488,7,50982731776
109.658,2736029696,7,51031408640
110.69,2668986368,7,51137196032
111.725,2860285952,7,51049607168
112.765,2596126720,8,51009241088
113.801,2577285120,7,50976096256
114.837,2630287360,7,50855915520
115.864,2721349632,7,50861961216
116.889,2591981568,7,50933235712
117.931,2659778560,7,50864947200
118.963,2598633472,7,50860204032
119.991,2672345088,7,50855931904
121.017,2406121472,7,50846986240
122.053,1891713024,7,50756538368
123.094,2586836992,7,50842468352
124.128,2171600896,7,50761777152
125.166,2407235584,7,50887258112
126.234,1974566912,7,50883649536
127.306,2303066112,7,50892910592
128.331,2199879680,7,50885128192
129.37,2079457280,7,50884403200
130.458,1912684544,7,50898976768
131.49,1941766144,7,50891206656
132.524,1925152768,7,50887753728
133.562,1868693504,7,50886070272
134.589,2161229824,7,50886668288
135.634,2184413184,7,50883334144
136.671,1927004160,7,50880888832
137.718,2112831488,7,50881941504
138.756,2193768448,7,50850127872
139.784,2104262656,2,51059118080
140.818,0,1,51056709632
